[
  {
    "name": {
      "common": "Afghanistan",
      "official": "Islamic Republic of Afghanistan"
    },
    "svg": "af.svg",
    "capitals": ["Kabul"]
  },
  {
    "name": {
      "common": "Albania",
      "official": "Republic of Albania"
    },
    "svg": "al.svg",
    "capitals": ["Tirana"]
  },
  {
    "name": {
      "common": "Algeria",
      "official": "People's Democratic Republic of Algeria"
    },
    "svg": "dz.svg",
    "capitals": ["Algiers"]
  },
  {
    "name": {
      "common": "Andorra",
      "official": "Principality of Andorra"
    },
    "svg": "ad.svg",
    "capitals": ["Andorra la Vella"]
  },
  {
    "name": {
      "common": "Angola",
      "official": "Republic of Angola"
    },
    "svg": "ao.svg",
    "capitals": ["Luanda"]
  },
  {
    "name": {
      "common": "Antigua and Barbuda",
      "official": "Antigua and Barbuda"
    },
    "svg": "ag.svg",
    "capitals": ["Saint John's"]
  },
  {
    "name": {
      "common": "Argentina",
      "official": "Argentine Republic"
    },
    "svg": "ar.svg",
    "capitals": ["Buenos Aires"]
  },
  {
    "name": {
      "common": "Armenia",
      "official": "Republic of Armenia"
    },
    "svg": "am.svg",
    "capitals": ["Yerevan"]
  },
  {
    "name": {
      "common": "Australia",
      "official": "Commonwealth of Australia"
    },
    "svg": "au.svg",
    "capitals": ["Canberra"]
  },
  {
    "name": {
      "common": "Austria",
      "official": "Republic of Austria"
    },
    "svg": "at.svg",
    "capitals": ["Vienna"]
  },
  {
    "name": {
      "common": "Azerbaijan",
      "official": "Republic of Azerbaijan"
    },
    "svg": "az.svg",
    "capitals": ["Baku"]
  },
  {
    "name": {
      "common": "Bahamas",
      "official": "Commonwealth of the Bahamas"
    },
    "svg": "bs.svg",
    "capitals": ["Nassau"]
  },
  {
    "name": {
      "common": "Bahrain",
      "official": "Kingdom of Bahrain"
    },
    "svg": "bh.svg",
    "capitals": ["Manama"]
  },
  {
    "name": {
      "common": "Bangladesh",
      "official": "People's Republic of Bangladesh"
    },
    "svg": "bd.svg",
    "capitals": ["Dhaka"]
  },
  {
    "name": {
      "common": "Barbados",
      "official": "Barbados"
    },
    "svg": "bb.svg",
    "capitals": ["Bridgetown"]
  },
  {
    "name": {
      "common": "Belarus",
      "official": "Republic of Belarus"
    },
    "svg": "by.svg",
    "capitals": ["Minsk"]
  },
  {
    "name": {
      "common": "Belgium",
      "official": "Kingdom of Belgium"
    },
    "svg": "be.svg",
    "capitals": ["Brussels"]
  },
  {
    "name": {
      "common": "Belize",
      "official": "Belize"
    },
    "svg": "bz.svg",
    "capitals": ["Belmopan"]
  },
  {
    "name": {
      "common": "Benin",
      "official": "Republic of Benin"
    },
    "svg": "bj.svg",
    "capitals": ["Porto-Novo"]
  },
  {
    "name": {
      "common": "Bhutan",
      "official": "Kingdom of Bhutan"
    },
    "svg": "bt.svg",
    "capitals": ["Thimphu"]
  },
  {
    "name": {
      "common": "Bolivia",
      "official": "Plurinational State of Bolivia"
    },
    "svg": "bo.svg",
    "capitals": ["Sucre"]
  },
  {
    "name": {
      "common": "Bosnia and Herzegovina",
      "official": "Bosnia and Herzegovina"
    },
    "svg": "ba.svg",
    "capitals": ["Sarajevo"]
  },
  {
    "name": {
      "common": "Botswana",
      "official": "Republic of Botswana"
    },
    "svg": "bw.svg",
    "capitals": ["Gaborone"]
  },
  {
    "name": {
      "common": "Brazil",
      "official": "Federative Republic of Brazil"
    },
    "svg": "br.svg",
    "capitals": ["Brasilia"]
  },
  {
    "name": {
      "common": "Brunei",
      "official": "Nation of Brunei, Abode of Peace"
    },
    "svg": "bn.svg",
    "capitals": ["Bandar Seri Begawan"]
  },
  {
    "name": {
      "common": "Bulgaria",
      "official": "Republic of Bulgaria"
    },
    "svg": "bg.svg",
    "capitals": ["Sofia"]
  },
  {
    "name": {
      "common": "Burkina Faso",
      "official": "Burkina Faso"
    },
    "svg": "bf.svg",
    "capitals": ["Ouagadougou"]
  },
  {
    "name": {
      "common": "Burundi",
      "official": "Republic of Burundi"
    },
    "svg": "bi.svg",
    "capitals": ["Gitega"]
  },
  {
    "name": {
      "common": "Cambodia",
      "official": "Kingdom of Cambodia"
    },
    "svg": "kh.svg",
    "capitals": ["Phnom Penh"]
  },
  {
    "name": {
      "common": "Cameroon",
      "official": "Republic of Cameroon"
    },
    "svg": "cm.svg",
    "capitals": ["Yaounde"]
  },
  {
    "name": {
      "common": "Canada",
      "official": "Canada"
    },
    "svg": "ca.svg",
    "capitals": ["Ottawa"]
  },
  {
    "name": {
      "common": "Cape Verde",
      "official": "Republic of Cabo Verde"
    },
    "svg": "cv.svg",
    "capitals": ["Praia"]
  },
  {
    "name": {
      "common": "Central African Republic",
      "official": "Central African Republic"
    },
    "svg": "cf.svg",
    "capitals": ["Bangui"]
  },
  {
    "name": {
      "common": "Chad",
      "official": "Republic of Chad"
    },
    "svg": "td.svg",
    "capitals": ["N'Djamena"]
  },
  {
    "name": {
      "common": "Chile",
      "official": "Republic of Chile"
    },
    "svg": "cl.svg",
    "capitals": ["Santiago"]
  },
  {
    "name": {
      "common": "China",
      "official": "People's Republic of China"
    },
    "svg": "cn.svg",
    "capitals": ["Beijing"]
  },
  {
    "name": {
      "common": "Colombia",
      "official": "Republic of Colombia"
    },
    "svg": "co.svg",
    "capitals": ["Bogota"]
  },
  {
    "name": {
      "common": "Comoros",
      "official": "Union of the Comoros"
    },
    "svg": "km.svg",
    "capitals": ["Moroni"]
  },
  {
    "name": {
      "common": "Costa Rica",
      "official": "Republic of Costa Rica"
    },
    "svg": "cr.svg",
    "capitals": ["San Jose"]
  },
  {
    "name": {
      "common": "Croatia",
      "official": "Republic of Croatia"
    },
    "svg": "hr.svg",
    "capitals": ["Zagreb"]
  },
  {
    "name": {
      "common": "Cuba",
      "official": "Republic of Cuba"
    },
    "svg": "cu.svg",
    "capitals": ["Havana"]
  },
  {
    "name": {
      "common": "Cyprus",
      "official": "Republic of Cyprus"
    },
    "svg": "cy.svg",
    "capitals": ["Nicosia"]
  },
  {
    "name": {
      "common": "Czechia",
      "official": "Czech Republic"
    },
    "svg": "cz.svg",
    "capitals": ["Prague"]
  },
  {
    "name": {
      "common": "DR Congo",
      "official": "Democratic Republic of the Congo"
    },
    "svg": "cd.svg",
    "capitals": ["Kinshasa"]
  },
  {
    "name": {
      "common": "Denmark",
      "official": "Kingdom of Denmark"
    },
    "svg": "dk.svg",
    "capitals": ["Copenhagen"]
  },
  {
    "name": {
      "common": "Djibouti",
      "official": "Republic of Djibouti"
    },
    "svg": "dj.svg",
    "capitals": ["Djibouti"]
  },
  {
    "name": {
      "common": "Dominica",
      "official": "Commonwealth of Dominica"
    },
    "svg": "dm.svg",
    "capitals": ["Roseau"]
  },
  {
    "name": {
      "common": "Dominican Republic",
      "official": "Dominican Republic"
    },
    "svg": "do.svg",
    "capitals": ["Santo Domingo"]
  },
  {
    "name": {
      "common": "Ecuador",
      "official": "Republic of Ecuador"
    },
    "svg": "ec.svg",
    "capitals": ["Quito"]
  },
  {
    "name": {
      "common": "Egypt",
      "official": "Arab Republic of Egypt"
    },
    "svg": "eg.svg",
    "capitals": ["Cairo"]
  },
  {
    "name": {
      "common": "El Salvador",
      "official": "Republic of El Salvador"
    },
    "svg": "sv.svg",
    "capitals": ["San Salvador"]
  },
  {
    "name": {
      "common": "Equatorial Guinea",
      "official": "Republic of Equatorial Guinea"
    },
    "svg": "gq.svg",
    "capitals": ["Malabo"]
  },
  {
    "name": {
      "common": "Eritrea",
      "official": "State of Eritrea"
    },
    "svg": "er.svg",
    "capitals": ["Asmara"]
  },
  {
    "name": {
      "common": "Estonia",
      "official": "Republic of Estonia"
    },
    "svg": "ee.svg",
    "capitals": ["Tallinn"]
  },
  {
    "name": {
      "common": "Eswatini",
      "official": "Kingdom of Eswatini"
    },
    "svg": "sz.svg",
    "capitals": ["Mbabane"]
  },
  {
    "name": {
      "common": "Ethiopia",
      "official": "Federal Democratic Republic of Ethiopia"
    },
    "svg": "et.svg",
    "capitals": ["Addis Ababa"]
  },
  {
    "name": {
      "common": "Fiji",
      "official": "Republic of Fiji"
    },
    "svg": "fj.svg",
    "capitals": ["Suva"]
  },
  {
    "name": {
      "common": "Finland",
      "official": "Republic of Finland"
    },
    "svg": "fi.svg",
    "capitals": ["Helsinki"]
  },
  {
    "name": {
      "common": "France",
      "official": "French Republic"
    },
    "svg": "fr.svg",
    "capitals": ["Paris"]
  },
  {
    "name": {
      "common": "Gabon",
      "official": "Gabonese Republic"
    },
    "svg": "ga.svg",
    "capitals": ["Libreville"]
  },
  {
    "name": {
      "common": "Gambia",
      "official": "Republic of the Gambia"
    },
    "svg": "gm.svg",
    "capitals": ["Banjul"]
  },
  {
    "name": {
      "common": "Georgia",
      "official": "Georgia"
    },
    "svg": "ge.svg",
    "capitals": ["Tbilisi"]
  },
  {
    "name": {
      "common": "Germany",
      "official": "Federal Republic of Germany"
    },
    "svg": "de.svg",
    "capitals": ["Berlin"]
  },
  {
    "name": {
      "common": "Ghana",
      "official": "Republic of Ghana"
    },
    "svg": "gh.svg",
    "capitals": ["Accra"]
  },
  {
    "name": {
      "common": "Greece",
      "official": "Hellenic Republic"
    },
    "svg": "gr.svg",
    "capitals": ["Athens"]
  },
  {
    "name": {
      "common": "Grenada",
      "official": "Grenada"
    },
    "svg": "gd.svg",
    "capitals": ["St. George's"]
  },
  {
    "name": {
      "common": "Guatemala",
      "official": "Republic of Guatemala"
    },
    "svg": "gt.svg",
    "capitals": ["Guatemala City"]
  },
  {
    "name": {
      "common": "Guinea",
      "official": "Republic of Guinea"
    },
    "svg": "gn.svg",
    "capitals": ["Conakry"]
  },
  {
    "name": {
      "common": "Guinea-Bissau",
      "official": "Republic of Guinea-Bissau"
    },
    "svg": "gw.svg",
    "capitals": ["Bissau"]
  },
  {
    "name": {
      "common": "Guyana",
      "official": "Co-operative Republic of Guyana"
    },
    "svg": "gy.svg",
    "capitals": ["Georgetown"]
  },
  {
    "name": {
      "common": "Haiti",
      "official": "Republic of Haiti"
    },
    "svg": "ht.svg",
    "capitals": ["Port-au-Prince"]
  },
  {
    "name": {
      "common": "Honduras",
      "official": "Republic of Honduras"
    },
    "svg": "hn.svg",
    "capitals": ["Tegucigalpa"]
  },
  {
    "name": {
      "common": "Hungary",
      "official": "Hungary"
    },
    "svg": "hu.svg",
    "capitals": ["Budapest"]
  },
  {
    "name": {
      "common": "Iceland",
      "official": "Iceland"
    },
    "svg": "is.svg",
    "capitals": ["Reykjavik"]
  },
  {
    "name": {
      "common": "India",
      "official": "Republic of India"
    },
    "svg": "in.svg",
    "capitals": ["New Delhi"]
  },
  {
    "name": {
      "common": "Indonesia",
      "official": "Republic of Indonesia"
    },
    "svg": "id.svg",
    "capitals": ["Jakarta"]
  },
  {
    "name": {
      "common": "Iran",
      "official": "Islamic Republic of Iran"
    },
    "svg": "ir.svg",
    "capitals": ["Tehran"]
  },
  {
    "name": {
      "common": "Iraq",
      "official": "Republic of Iraq"
    },
    "svg": "iq.svg",
    "capitals": ["Baghdad"]
  },
  {
    "name": {
      "common": "Ireland",
      "official": "Republic of Ireland"
    },
    "svg": "ie.svg",
    "capitals": ["Dublin"]
  },
  {
    "name": {
      "common": "Israel",
      "official": "State of Israel"
    },
    "svg": "il.svg",
    "capitals": ["Jerusalem"]
  },
  {
    "name": {
      "common": "Italy",
      "official": "Italian Republic"
    },
    "svg": "it.svg",
    "capitals": ["Rome"]
  },
  {
    "name": {
      "common": "Ivory Coast",
      "official": "Republic of Côte d'Ivoire"
    },
    "svg": "ci.svg",
    "capitals": ["Yamoussoukro"]
  },
  {
    "name": {
      "common": "Jamaica",
      "official": "Jamaica"
    },
    "svg": "jm.svg",
    "capitals": ["Kingston"]
  },
  {
    "name": {
      "common": "Japan",
      "official": "Japan"
    },
    "svg": "jp.svg",
    "capitals": ["Tokyo"]
  },
  {
    "name": {
      "common": "Jordan",
      "official": "Hashemite Kingdom of Jordan"
    },
    "svg": "jo.svg",
    "capitals": ["Amman"]
  },
  {
    "name": {
      "common": "Kazakhstan",
      "official": "Republic of Kazakhstan"
    },
    "svg": "kz.svg",
    "capitals": ["Nur-Sultan"]
  },
  {
    "name": {
      "common": "Kenya",
      "official": "Republic of Kenya"
    },
    "svg": "ke.svg",
    "capitals": ["Nairobi"]
  },
  {
    "name": {
      "common": "Kiribati",
      "official": "Independent and Sovereign Republic of Kiribati"
    },
    "svg": "ki.svg",
    "capitals": ["South Tarawa"]
  },
  {
    "name": {
      "common": "Kuwait",
      "official": "State of Kuwait"
    },
    "svg": "kw.svg",
    "capitals": ["Kuwait City"]
  },
  {
    "name": {
      "common": "Kyrgyzstan",
      "official": "Kyrgyz Republic"
    },
    "svg": "kg.svg",
    "capitals": ["Bishkek"]
  },
  {
    "name": {
      "common": "Laos",
      "official": "Lao People's Democratic Republic"
    },
    "svg": "la.svg",
    "capitals": ["Vientiane"]
  },
  {
    "name": {
      "common": "Latvia",
      "official": "Republic of Latvia"
    },
    "svg": "lv.svg",
    "capitals": ["Riga"]
  },
  {
    "name": {
      "common": "Lebanon",
      "official": "Lebanese Republic"
    },
    "svg": "lb.svg",
    "capitals": ["Beirut"]
  },
  {
    "name": {
      "common": "Lesotho",
      "official": "Kingdom of Lesotho"
    },
    "svg": "ls.svg",
    "capitals": ["Maseru"]
  },
  {
    "name": {
      "common": "Liberia",
      "official": "Republic of Liberia"
    },
    "svg": "lr.svg",
    "capitals": ["Monrovia"]
  },
  {
    "name": {
      "common": "Libya",
      "official": "State of Libya"
    },
    "svg": "ly.svg",
    "capitals": ["Tripoli"]
  },
  {
    "name": {
      "common": "Liechtenstein",
      "official": "Principality of Liechtenstein"
    },
    "svg": "li.svg",
    "capitals": ["Vaduz"]
  },
  {
    "name": {
      "common": "Lithuania",
      "official": "Republic of Lithuania"
    },
    "svg": "lt.svg",
    "capitals": ["Vilnius"]
  },
  {
    "name": {
      "common": "Luxembourg",
      "official": "Grand Duchy of Luxembourg"
    },
    "svg": "lu.svg",
    "capitals": ["Luxembourg"]
  },
  {
    "name": {
      "common": "Madagascar",
      "official": "Republic of Madagascar"
    },
    "svg": "mg.svg",
    "capitals": ["Antananarivo"]
  },
  {
    "name": {
      "common": "Malawi",
      "official": "Republic of Malawi"
    },
    "svg": "mw.svg",
    "capitals": ["Lilongwe"]
  },
  {
    "name": {
      "common": "Malaysia",
      "official": "Malaysia"
    },
    "svg": "my.svg",
    "capitals": ["Kuala Lumpur"]
  },
  {
    "name": {
      "common": "Maldives",
      "official": "Republic of the Maldives"
    },
    "svg": "mv.svg",
    "capitals": ["Male"]
  },
  {
    "name": {
      "common": "Mali",
      "official": "Republic of Mali"
    },
    "svg": "ml.svg",
    "capitals": ["Bamako"]
  },
  {
    "name": {
      "common": "Malta",
      "official": "Republic of Malta"
    },
    "svg": "mt.svg",
    "capitals": ["Valletta"]
  },
  {
    "name": {
      "common": "Marshall Islands",
      "official": "Republic of the Marshall Islands"
    },
    "svg": "mh.svg",
    "capitals": ["Majuro"]
  },
  {
    "name": {
      "common": "Mauritania",
      "official": "Islamic Republic of Mauritania"
    },
    "svg": "mr.svg",
    "capitals": ["Nouakchott"]
  },
  {
    "name": {
      "common": "Mauritius",
      "official": "Republic of Mauritius"
    },
    "svg": "mu.svg",
    "capitals": ["Port Louis"]
  },
  {
    "name": {
      "common": "Mexico",
      "official": "United Mexican States"
    },
    "svg": "mx.svg",
    "capitals": ["Mexico City"]
  },
  {
    "name": {
      "common": "Micronesia",
      "official": "Federated States of Micronesia"
    },
    "svg": "fm.svg",
    "capitals": ["Palikir"]
  },
  {
    "name": {
      "common": "Moldova",
      "official": "Republic of Moldova"
    },
    "svg": "md.svg",
    "capitals": ["Chișinău"]
  },
  {
    "name": {
      "common": "Monaco",
      "official": "Principality of Monaco"
    },
    "svg": "mc.svg",
    "capitals": ["Monaco"]
  },
  {
    "name": {
      "common": "Mongolia",
      "official": "Mongolia"
    },
    "svg": "mn.svg",
    "capitals": ["Ulan Bator"]
  },
  {
    "name": {
      "common": "Montenegro",
      "official": "Montenegro"
    },
    "svg": "me.svg",
    "capitals": ["Podgorica"]
  },
  {
    "name": {
      "common": "Morocco",
      "official": "Kingdom of Morocco"
    },
    "svg": "ma.svg",
    "capitals": ["Rabat"]
  },
  {
    "name": {
      "common": "Mozambique",
      "official": "Republic of Mozambique"
    },
    "svg": "mz.svg",
    "capitals": ["Maputo"]
  },
  {
    "name": {
      "common": "Myanmar",
      "official": "Republic of the Union of Myanmar"
    },
    "svg": "mm.svg",
    "capitals": ["Naypyidaw"]
  },
  {
    "name": {
      "common": "Namibia",
      "official": "Republic of Namibia"
    },
    "svg": "na.svg",
    "capitals": ["Windhoek"]
  },
  {
    "name": {
      "common": "Nauru",
      "official": "Republic of Nauru"
    },
    "svg": "nr.svg",
    "capitals": ["Yaren"]
  },
  {
    "name": {
      "common": "Nepal",
      "official": "Federal Democratic Republic of Nepal"
    },
    "svg": "np.svg",
    "capitals": ["Kathmandu"]
  },
  {
    "name": {
      "common": "Netherlands",
      "official": "Kingdom of the Netherlands"
    },
    "svg": "nl.svg",
    "capitals": ["Amsterdam"]
  },
  {
    "name": {
      "common": "New Zealand",
      "official": "New Zealand"
    },
    "svg": "nz.svg",
    "capitals": ["Wellington"]
  },
  {
    "name": {
      "common": "Nicaragua",
      "official": "Republic of Nicaragua"
    },
    "svg": "ni.svg",
    "capitals": ["Managua"]
  },
  {
    "name": {
      "common": "Niger",
      "official": "Republic of Niger"
    },
    "svg": "ne.svg",
    "capitals": ["Niamey"]
  },
  {
    "name": {
      "common": "Nigeria",
      "official": "Federal Republic of Nigeria"
    },
    "svg": "ng.svg",
    "capitals": ["Abuja"]
  },
  {
    "name": {
      "common": "North Korea",
      "official": "Democratic People's Republic of Korea"
    },
    "svg": "kp.svg",
    "capitals": ["Pyongyang"]
  },
  {
    "name": {
      "common": "North Macedonia",
      "official": "Republic of North Macedonia"
    },
    "svg": "mk.svg",
    "capitals": ["Skopje"]
  },
  {
    "name": {
      "common": "Norway",
      "official": "Kingdom of Norway"
    },
    "svg": "no.svg",
    "capitals": ["Oslo"]
  },
  {
    "name": {
      "common": "Oman",
      "official": "Sultanate of Oman"
    },
    "svg": "om.svg",
    "capitals": ["Muscat"]
  },
  {
    "name": {
      "common": "Pakistan",
      "official": "Islamic Republic of Pakistan"
    },
    "svg": "pk.svg",
    "capitals": ["Islamabad"]
  },
  {
    "name": {
      "common": "Palau",
      "official": "Republic of Palau"
    },
    "svg": "pw.svg",
    "capitals": ["Ngerulmud"]
  },
  {
    "name": {
      "common": "Palestine",
      "official": "State of Palestine"
    },
    "svg": "ps.svg",
    "capitals": ["Ramallah", "Jerusalem"]
  },
  {
    "name": {
      "common": "Panama",
      "official": "Republic of Panama"
    },
    "svg": "pa.svg",
    "capitals": ["Panama City"]
  },
  {
    "name": {
      "common": "Papua New Guinea",
      "official": "Independent State of Papua New Guinea"
    },
    "svg": "pg.svg",
    "capitals": ["Port Moresby"]
  },
  {
    "name": {
      "common": "Paraguay",
      "official": "Republic of Paraguay"
    },
    "svg": "py.svg",
    "capitals": ["Asuncion"]
  },
  {
    "name": {
      "common": "Peru",
      "official": "Republic of Peru"
    },
    "svg": "pe.svg",
    "capitals": ["Lima"]
  },
  {
    "name": {
      "common": "Philippines",
      "official": "Republic of the Philippines"
    },
    "svg": "ph.svg",
    "capitals": ["Manila"]
  },
  {
    "name": {
      "common": "Poland",
      "official": "Republic of Poland"
    },
    "svg": "pl.svg",
    "capitals": ["Warsaw"]
  },
  {
    "name": {
      "common": "Portugal",
      "official": "Portuguese Republic"
    },
    "svg": "pt.svg",
    "capitals": ["Lisbon"]
  },
  {
    "name": {
      "common": "Qatar",
      "official": "State of Qatar"
    },
    "svg": "qa.svg",
    "capitals": ["Doha"]
  },
  {
    "name": {
      "common": "Republic of the Congo",
      "official": "Republic of the Congo"
    },
    "svg": "cg.svg",
    "capitals": ["Brazzaville"]
  },
  {
    "name": {
      "common": "Romania",
      "official": "Romania"
    },
    "svg": "ro.svg",
    "capitals": ["Bucharest"]
  },
  {
    "name": {
      "common": "Russia",
      "official": "Russian Federation"
    },
    "svg": "ru.svg",
    "capitals": ["Moscow"]
  },
  {
    "name": {
      "common": "Rwanda",
      "official": "Republic of Rwanda"
    },
    "svg": "rw.svg",
    "capitals": ["Kigali"]
  },
  {
    "name": {
      "common": "Saint Kitts and Nevis",
      "official": "Federation of Saint Christopher and Nevis"
    },
    "svg": "kn.svg",
    "capitals": ["Basseterre"]
  },
  {
    "name": {
      "common": "Saint Lucia",
      "official": "Saint Lucia"
    },
    "svg": "lc.svg",
    "capitals": ["Castries"]
  },
  {
    "name": {
      "common": "Saint Vincent and the Grenadines",
      "official": "Saint Vincent and the Grenadines"
    },
    "svg": "vc.svg",
    "capitals": ["Kingstown"]
  },
  {
    "name": {
      "common": "Samoa",
      "official": "Independent State of Samoa"
    },
    "svg": "ws.svg",
    "capitals": ["Apia"]
  },
  {
    "name": {
      "common": "San Marino",
      "official": "Republic of San Marino"
    },
    "svg": "sm.svg",
    "capitals": ["City of San Marino"]
  },
  {
    "name": {
      "common": "Saudi Arabia",
      "official": "Kingdom of Saudi Arabia"
    },
    "svg": "sa.svg",
    "capitals": ["Riyadh"]
  },
  {
    "name": {
      "common": "Senegal",
      "official": "Republic of Senegal"
    },
    "svg": "sn.svg",
    "capitals": ["Dakar"]
  },
  {
    "name": {
      "common": "Serbia",
      "official": "Republic of Serbia"
    },
    "svg": "rs.svg",
    "capitals": ["Belgrade"]
  },
  {
    "name": {
      "common": "Seychelles",
      "official": "Republic of Seychelles"
    },
    "svg": "sc.svg",
    "capitals": ["Victoria"]
  },
  {
    "name": {
      "common": "Sierra Leone",
      "official": "Republic of Sierra Leone"
    },
    "svg": "sl.svg",
    "capitals": ["Freetown"]
  },
  {
    "name": {
      "common": "Singapore",
      "official": "Republic of Singapore"
    },
    "svg": "sg.svg",
    "capitals": ["Singapore"]
  },
  {
    "name": {
      "common": "Slovakia",
      "official": "Slovak Republic"
    },
    "svg": "sk.svg",
    "capitals": ["Bratislava"]
  },
  {
    "name": {
      "common": "Slovenia",
      "official": "Republic of Slovenia"
    },
    "svg": "si.svg",
    "capitals": ["Ljubljana"]
  },
  {
    "name": {
      "common": "Solomon Islands",
      "official": "Solomon Islands"
    },
    "svg": "sb.svg",
    "capitals": ["Honiara"]
  },
  {
    "name": {
      "common": "Somalia",
      "official": "Federal Republic of Somalia"
    },
    "svg": "so.svg",
    "capitals": ["Mogadishu"]
  },
  {
    "name": {
      "common": "South Africa",
      "official": "Republic of South Africa"
    },
    "svg": "za.svg",
    "capitals": ["Pretoria", "Bloemfontein", "Cape Town"]
  },
  {
    "name": {
      "common": "South Korea",
      "official": "Republic of Korea"
    },
    "svg": "kr.svg",
    "capitals": ["Seoul"]
  },
  {
    "name": {
      "common": "South Sudan",
      "official": "Republic of South Sudan"
    },
    "svg": "ss.svg",
    "capitals": ["Juba"]
  },
  {
    "name": {
      "common": "Spain",
      "official": "Kingdom of Spain"
    },
    "svg": "es.svg",
    "capitals": ["Madrid"]
  },
  {
    "name": {
      "common": "Sri Lanka",
      "official": "Democratic Socialist Republic of Sri Lanka"
    },
    "svg": "lk.svg",
    "capitals": ["Sri Jayawardenepura Kotte"]
  },
  {
    "name": {
      "common": "Sudan",
      "official": "Republic of the Sudan"
    },
    "svg": "sd.svg",
    "capitals": ["Khartoum"]
  },
  {
    "name": {
      "common": "Suriname",
      "official": "Republic of Suriname"
    },
    "svg": "sr.svg",
    "capitals": ["Paramaribo"]
  },
  {
    "name": {
      "common": "Sweden",
      "official": "Kingdom of Sweden"
    },
    "svg": "se.svg",
    "capitals": ["Stockholm"]
  },
  {
    "name": {
      "common": "Switzerland",
      "official": "Swiss Confederation"
    },
    "svg": "ch.svg",
    "capitals": ["Bern"]
  },
  {
    "name": {
      "common": "Syria",
      "official": "Syrian Arab Republic"
    },
    "svg": "sy.svg",
    "capitals": ["Damascus"]
  },
  {
    "name": {
      "common": "Sao Tome and Principe",
      "official": "Democratic Republic of Sao Tome and Principe"
    },
    "svg": "st.svg",
    "capitals": ["Sao Tome"]
  },
  {
    "name": {
      "common": "Tajikistan",
      "official": "Republic of Tajikistan"
    },
    "svg": "tj.svg",
    "capitals": ["Dushanbe"]
  },
  {
    "name": {
      "common": "Tanzania",
      "official": "United Republic of Tanzania"
    },
    "svg": "tz.svg",
    "capitals": ["Dodoma"]
  },
  {
    "name": {
      "common": "Thailand",
      "official": "Kingdom of Thailand"
    },
    "svg": "th.svg",
    "capitals": ["Bangkok"]
  },
  {
    "name": {
      "common": "Timor-Leste",
      "official": "Democratic Republic of Timor-Leste"
    },
    "svg": "tl.svg",
    "capitals": ["Dili"]
  },
  {
    "name": {
      "common": "Togo",
      "official": "Togolese Republic"
    },
    "svg": "tg.svg",
    "capitals": ["Lome"]
  },
  {
    "name": {
      "common": "Tonga",
      "official": "Kingdom of Tonga"
    },
    "svg": "to.svg",
    "capitals": ["Nuku'alofa"]
  },
  {
    "name": {
      "common": "Trinidad and Tobago",
      "official": "Republic of Trinidad and Tobago"
    },
    "svg": "tt.svg",
    "capitals": ["Port of Spain"]
  },
  {
    "name": {
      "common": "Tunisia",
      "official": "Tunisian Republic"
    },
    "svg": "tn.svg",
    "capitals": ["Tunis"]
  },
  {
    "name": {
      "common": "Turkey",
      "official": "Republic of Turkey"
    },
    "svg": "tr.svg",
    "capitals": ["Ankara"]
  },
  {
    "name": {
      "common": "Turkmenistan",
      "official": "Turkmenistan"
    },
    "svg": "tm.svg",
    "capitals": ["Ashgabat"]
  },
  {
    "name": {
      "common": "Tuvalu",
      "official": "Tuvalu"
    },
    "svg": "tv.svg",
    "capitals": ["Funafuti"]
  },
  {
    "name": {
      "common": "Uganda",
      "official": "Republic of Uganda"
    },
    "svg": "ug.svg",
    "capitals": ["Kampala"]
  },
  {
    "name": {
      "common": "Ukraine",
      "official": "Ukraine"
    },
    "svg": "ua.svg",
    "capitals": ["Kyiv"]
  },
  {
    "name": {
      "common": "United Arab Emirates",
      "official": "United Arab Emirates"
    },
    "svg": "ae.svg",
    "capitals": ["Abu Dhabi"]
  },
  {
    "name": {
      "common": "United Kingdom",
      "official": "United Kingdom of Great Britain and Northern Ireland"
    },
    "svg": "gb.svg",
    "capitals": ["London"]
  },
  {
    "name": {
      "common": "United States",
      "official": "United States of America"
    },
    "svg": "us.svg",
    "capitals": ["Washington, D.C."]
  },
  {
    "name": {
      "common": "Uruguay",
      "official": "Oriental Republic of Uruguay"
    },
    "svg": "uy.svg",
    "capitals": ["Montevideo"]
  },
  {
    "name": {
      "common": "Uzbekistan",
      "official": "Republic of Uzbekistan"
    },
    "svg": "uz.svg",
    "capitals": ["Tashkent"]
  },
  {
    "name": {
      "common": "Vanuatu",
      "official": "Republic of Vanuatu"
    },
    "svg": "vu.svg",
    "capitals": ["Port Vila"]
  },
  {
    "name": {
      "common": "Vatican City",
      "official": "Vatican City State"
    },
    "svg": "va.svg",
    "capitals": ["Vatican City"]
  },
  {
    "name": {
      "common": "Venezuela",
      "official": "Bolivarian Republic of Venezuela"
    },
    "svg": "ve.svg",
    "capitals": ["Caracas"]
  },
  {
    "name": {
      "common": "Vietnam",
      "official": "Socialist Republic of Vietnam"
    },
    "svg": "vn.svg",
    "capitals": ["Hanoi"]
  },
  {
    "name": {
      "common": "Yemen",
      "official": "Republic of Yemen"
    },
    "svg": "ye.svg",
    "capitals": ["Sana'a"]
  },
  {
    "name": {
      "common": "Zambia",
      "official": "Republic of Zambia"
    },
    "svg": "zm.svg",
    "capitals": ["Lusaka"]
  },
  {
    "name": {
      "common": "Zimbabwe",
      "official": "Republic of Zimbabwe"
    },
    "svg": "zw.svg",
    "capitals": ["Harare"]
  }
]
